{"spot_diameter_fullres": 27.96565468792722, "tissue_hires_scalef": 0.5775339, "fiducial_diameter_fullres": 45.175288342036275, "tissue_lowres_scalef": 0.17326018}